timestamp,operator,region,city,site_id,cell_id,domain,accessibility_pct,baseline_accessibility_pct,accessibility_delta_pct,retainability_pct,drop_call_rate_pct,handover_success_pct,dl_throughput_mbps,baseline_dl_throughput_mbps,throughput_drop_pct,ul_throughput_mbps,latency_ms,rsrp_dbm,rsrq_db,sinr_db,prb_utilization_pct,connected_users,rrc_connection_failures,erab_setup_failures,data_session_drops,packet_loss_pct,transport_discard_packets,active_alarm_count,active_major_critical_alarms,complaints_last_60min,config_changes_last_90min,degradation_label,incident_id,detection_score,detected_severity,detected_issue
2026-09-15 08:45:00,Telkom,Gauteng,Johannesburg,JHB-CBD-003,JHB-CBD-003-B,RAN,91.18,99.05187500000001,-7.871875000000003,93.96,3.77,95.45,18.15,40.671875,55.374567806377264,10.45,92.0,-85.0,-14.5,15.7,77.45,53,40,20,19,3.12,575,0,0,0,1,cell_degradation,INC-20260915-JHB-CBD-003-B,45.1,minor,cell_degradation
2026-09-15 09:00:00,Telkom,Gauteng,Johannesburg,JHB-CBD-003,JHB-CBD-003-B,RAN,89.96,98.56625,-8.606250000000003,93.01,4.15,95.24,23.57,39.168124999999996,39.8235172094656,6.7,102.5,-91.7,-11.6,11.4,84.17,58,49,27,18,3.6,671,1,1,0,1,cell_degradation,INC-20260915-JHB-CBD-003-B,52.61,major,cell_degradation
2026-09-15 09:15:00,Telkom,Gauteng,Johannesburg,JHB-CBD-003,JHB-CBD-003-B,RAN,87.27,97.979375,-10.709375000000009,92.28,4.51,94.0,10.61,38.0825,72.13943412328497,6.44,118.6,-85.4,-14.0,12.3,91.67,55,64,33,21,2.96,872,3,3,1,1,cell_degradation,INC-20260915-JHB-CBD-003-B,81.66,critical,cell_degradation
2026-09-15 09:30:00,Telkom,Gauteng,Johannesburg,JHB-CBD-003,JHB-CBD-003-B,RAN,85.57,97.2325,-11.662500000000009,90.8,4.86,93.52,16.28,36.11625,54.92333783269304,8.53,131.5,-87.7,-12.2,12.0,93.43,56,64,29,22,3.42,922,5,5,5,1,cell_degradation,INC-20260915-JHB-CBD-003-B,91.22,critical,cell_degradation
2026-09-15 09:45:00,Telkom,Gauteng,Johannesburg,JHB-CBD-003,JHB-CBD-003-B,RAN,83.29,96.39375000000001,-13.103750000000005,90.22,5.23,93.25,4.22,34.614375,87.8085333044436,2.07,135.9,-89.8,-14.1,7.4,99.5,67,92,40,27,4.08,1055,6,5,6,0,cell_degradation,INC-20260915-JHB-CBD-003-B,100.0,critical,cell_degradation
2026-09-15 10:00:00,Telkom,Gauteng,Johannesburg,JHB-CBD-003,JHB-CBD-003-B,RAN,84.24,95.435625,-11.195625000000007,89.61,6.08,92.51,17.32,32.533125000000005,46.76195416210402,6.39,128.9,-87.4,-15.6,6.4,85.6,49,71,34,26,5.05,1014,6,5,9,0,cell_degradation,INC-20260915-JHB-CBD-003-B,96.12,critical,cell_degradation
2026-09-15 10:15:00,Telkom,Gauteng,Johannesburg,JHB-CBD-003,JHB-CBD-003-B,RAN,83.38,94.54125,-11.16125000000001,88.89,6.16,91.79,20.13,30.47,33.935018050541515,5.89,133.3,-89.4,-15.6,9.5,89.44,55,99,49,37,4.89,1022,6,5,12,0,cell_degradation,INC-20260915-JHB-CBD-003-B,94.99,critical,cell_degradation
2026-09-15 10:30:00,Telkom,Gauteng,Johannesburg,JHB-CBD-003,JHB-CBD-003-B,RAN,80.75,93.568125,-12.818124999999995,88.34,6.29,90.95,4.97,29.36125,83.0729277534165,2.28,147.4,-89.9,-16.4,9.0,97.54,59,135,63,44,5.51,1197,6,5,8,0,cell_degradation,INC-20260915-JHB-CBD-003-B,100.0,critical,cell_degradation
2026-09-15 10:45:00,Telkom,Gauteng,Johannesburg,JHB-CBD-003,JHB-CBD-003-B,RAN,80.59,92.379375,-11.789374999999993,87.98,6.67,92.58,4.88,27.148125,82.02454128968391,1.84,140.1,-86.7,-13.9,5.4,91.0,55,103,52,38,5.53,1168,6,5,11,0,cell_degradation,INC-20260915-JHB-CBD-003-B,100.0,critical,cell_degradation
2026-09-15 11:00:00,Telkom,Gauteng,Johannesburg,JHB-CBD-003,JHB-CBD-003-B,RAN,79.7,91.24375,-11.543750000000003,87.99,6.81,91.84,4.78,24.33375,80.35650074485025,4.99,144.9,-91.3,-15.4,8.1,99.5,60,120,52,39,5.49,1326,6,5,9,0,cell_degradation,INC-20260915-JHB-CBD-003-B,100.0,critical,cell_degradation
2026-09-15 11:15:00,Telkom,Gauteng,Johannesburg,JHB-CBD-003,JHB-CBD-003-B,RAN,80.41,90.06125,-9.651250000000005,88.05,6.76,91.54,1.2,21.936249999999998,94.52960282637187,3.16,144.5,-88.9,-16.0,7.6,99.5,51,100,46,32,5.21,1073,6,5,6,0,cell_degradation,INC-20260915-JHB-CBD-003-B,100.0,critical,cell_degradation
2026-09-15 11:30:00,Telkom,Gauteng,Johannesburg,JHB-CBD-003,JHB-CBD-003-B,RAN,79.51,88.885,-9.375,88.58,7.15,91.82,3.46,19.758125,82.48821687280548,3.72,140.5,-90.1,-15.2,7.0,99.5,63,155,67,54,5.13,1239,6,5,5,0,cell_degradation,INC-20260915-JHB-CBD-003-B,100.0,critical,cell_degradation
2026-09-15 11:45:00,Telkom,Gauteng,Johannesburg,JHB-CBD-003,JHB-CBD-003-B,RAN,80.67,87.690625,-7.0206249999999955,88.31,6.89,91.8,4.62,17.69125,73.88539532254646,3.25,139.2,-93.6,-14.9,8.8,94.87,49,108,52,37,4.93,1172,6,5,3,0,cell_degradation,INC-20260915-JHB-CBD-003-B,100.0,critical,cell_degradation
2026-09-15 12:00:00,Telkom,Gauteng,Johannesburg,JHB-CBD-003,JHB-CBD-003-B,RAN,80.09,86.531875,-6.441874999999996,88.27,6.91,90.87,11.51,15.44375,25.47146904087414,4.35,142.1,-91.7,-14.6,8.4,97.82,50,78,37,27,4.75,1160,6,5,4,0,cell_degradation,INC-20260915-JHB-CBD-003-B,90.63,critical,cell_degradation
2026-09-15 12:15:00,Telkom,Gauteng,Johannesburg,JHB-CBD-003,JHB-CBD-003-B,RAN,82.94,85.311875,-2.371875000000003,89.47,6.63,92.39,13.79,13.73125,-0.4278561675011369,5.17,129.8,-92.2,-14.4,8.8,82.81,55,90,44,36,4.85,1200,6,5,7,0,cell_degradation,INC-20260915-JHB-CBD-003-B,75.37,critical,cell_degradation
2026-09-15 12:30:00,Telkom,Gauteng,Johannesburg,JHB-CBD-003,JHB-CBD-003-B,RAN,83.68,84.320625,-0.640625,89.6,5.96,92.43,16.27,12.570625,-29.428727688559636,4.86,115.5,-89.3,-14.1,8.9,91.14,49,63,31,23,4.3,1026,6,5,7,0,cell_degradation,INC-20260915-JHB-CBD-003-B,66.82,major,cell_degradation
2026-09-15 12:45:00,Telkom,Gauteng,Johannesburg,JHB-CBD-003,JHB-CBD-003-B,RAN,85.38,83.326875,2.0531249999999943,90.55,5.25,93.06,13.14,10.985,-19.617660446062825,4.53,127.8,-87.9,-12.9,12.0,87.14,42,60,35,20,4.57,896,6,5,7,0,cell_degradation,INC-20260915-JHB-CBD-003-B,64.83,major,cell_degradation
2026-09-15 13:00:00,Telkom,Gauteng,Johannesburg,JHB-CBD-003,JHB-CBD-003-B,RAN,85.85,82.964375,2.8856249999999903,91.34,5.21,93.58,12.21,10.671875,-14.412884333821385,4.0,127.4,-92.3,-14.1,7.4,90.22,47,68,33,25,4.2,826,6,5,6,0,cell_degradation,INC-20260915-JHB-CBD-003-B,61.21,major,cell_degradation
2026-09-15 13:15:00,Telkom,Gauteng,Johannesburg,JHB-CBD-003,JHB-CBD-003-B,RAN,88.2,82.7075,5.492500000000007,92.14,4.57,94.44,15.41,9.961875,-54.6897546897547,5.89,103.0,-84.2,-11.8,9.6,86.17,58,64,36,26,3.89,844,7,5,9,0,cell_degradation,INC-20260915-JHB-CBD-003-B,51.47,major,cell_degradation
2026-09-15 13:30:00,Telkom,Gauteng,Johannesburg,JHB-CBD-003,JHB-CBD-003-B,RAN,89.23,82.765625,6.464375000000004,93.21,3.42,95.41,22.94,10.261875,-123.54589195444304,6.83,102.4,-89.6,-13.3,8.9,73.76,54,59,30,17,3.68,609,7,5,11,0,cell_degradation,INC-20260915-JHB-CBD-003-B,46.0,minor,cell_degradation
2026-09-15 13:45:00,Telkom,Gauteng,Johannesburg,JHB-CBD-003,JHB-CBD-003-B,RAN,90.93,82.99437499999999,7.935625000000016,93.85,3.52,95.01,29.57,10.678125000000001,-176.92127597307575,7.46,101.0,-88.9,-12.9,14.1,69.6,47,44,25,15,2.66,528,7,5,13,0,cell_degradation,INC-20260915-JHB-CBD-003-B,38.54,minor,cell_degradation
