timestamp,operator,region,city,site_id,cell_id,domain,accessibility_pct,baseline_accessibility_pct,accessibility_delta_pct,retainability_pct,drop_call_rate_pct,handover_success_pct,dl_throughput_mbps,baseline_dl_throughput_mbps,throughput_drop_pct,ul_throughput_mbps,latency_ms,rsrp_dbm,rsrq_db,sinr_db,prb_utilization_pct,connected_users,rrc_connection_failures,erab_setup_failures,data_session_drops,packet_loss_pct,transport_discard_packets,active_alarm_count,active_major_critical_alarms,complaints_last_60min,config_changes_last_90min,source_label,source_incident_id,detection_score,detected_severity,detected_issue,detected
2026-09-15T08:45,Telkom,Gauteng,Johannesburg,JHB-CBD-003,JHB-CBD-003-B,RAN,91.18,99.05,-7.87,93.96,3.77,95.45,18.15,40.67,55.37,10.45,92.0,-85.0,-14.5,15.7,77.45,53,40,20,19,3.12,575,0,0,0,1,cell_degradation,INC-20260915-JHB-CBD-003-B,45.09,minor,cell_degradation,True
2026-09-15T09:00,Telkom,Gauteng,Johannesburg,JHB-CBD-003,JHB-CBD-003-B,RAN,89.96,98.57,-8.61,93.01,4.15,95.24,23.57,39.17,39.82,6.7,102.5,-91.7,-11.6,11.4,84.17,58,49,27,18,3.6,671,1,1,0,1,cell_degradation,INC-20260915-JHB-CBD-003-B,52.62,major,cell_degradation,True
2026-09-15T09:15,Telkom,Gauteng,Johannesburg,JHB-CBD-003,JHB-CBD-003-B,RAN,87.27,97.98,-10.71,92.28,4.51,94.0,10.61,38.08,72.14,6.44,118.6,-85.4,-14.0,12.3,91.67,55,64,33,21,2.96,872,3,3,1,1,cell_degradation,INC-20260915-JHB-CBD-003-B,81.66,critical,cell_degradation,True
2026-09-15T09:30,Telkom,Gauteng,Johannesburg,JHB-CBD-003,JHB-CBD-003-B,RAN,85.57,97.23,-11.66,90.8,4.86,93.52,16.28,36.12,54.92,8.53,131.5,-87.7,-12.2,12.0,93.43,56,64,29,22,3.42,922,5,5,5,1,cell_degradation,INC-20260915-JHB-CBD-003-B,91.22,critical,cell_degradation,True
2026-09-15T09:45,Telkom,Gauteng,Johannesburg,JHB-CBD-003,JHB-CBD-003-B,RAN,83.29,96.39,-13.1,90.22,5.23,93.25,4.22,34.61,87.81,2.07,135.9,-89.8,-14.1,7.4,99.5,67,92,40,27,4.08,1055,6,5,6,0,cell_degradation,INC-20260915-JHB-CBD-003-B,100,critical,cell_degradation,True
2026-09-15T10:00,Telkom,Gauteng,Johannesburg,JHB-CBD-003,JHB-CBD-003-B,RAN,84.24,95.44,-11.2,89.61,6.08,92.51,17.32,32.53,46.76,6.39,128.9,-87.4,-15.6,6.4,85.6,49,71,34,26,5.05,1014,6,5,9,0,cell_degradation,INC-20260915-JHB-CBD-003-B,96.13,critical,cell_degradation,True
2026-09-15T10:15,Telkom,Gauteng,Johannesburg,JHB-CBD-003,JHB-CBD-003-B,RAN,83.38,94.54,-11.16,88.89,6.16,91.79,20.13,30.47,33.94,5.89,133.3,-89.4,-15.6,9.5,89.44,55,99,49,37,4.89,1022,6,5,12,0,cell_degradation,INC-20260915-JHB-CBD-003-B,94.99,critical,cell_degradation,True
2026-09-15T10:30,Telkom,Gauteng,Johannesburg,JHB-CBD-003,JHB-CBD-003-B,RAN,80.75,93.57,-12.82,88.34,6.29,90.95,4.97,29.36,83.07,2.28,147.4,-89.9,-16.4,9.0,97.54,59,135,63,44,5.51,1197,7,5,8,0,cell_degradation,INC-20260915-JHB-CBD-003-B,100,critical,cell_degradation,True
2026-09-15T10:45,Telkom,Gauteng,Johannesburg,JHB-CBD-003,JHB-CBD-003-B,RAN,80.59,92.38,-11.79,87.98,6.67,92.58,4.88,27.15,82.02,1.84,140.1,-86.7,-13.9,5.4,91.0,55,103,52,38,5.53,1168,7,5,11,0,cell_degradation,INC-20260915-JHB-CBD-003-B,100,critical,cell_degradation,True
2026-09-15T11:00,Telkom,Gauteng,Johannesburg,JHB-CBD-003,JHB-CBD-003-B,RAN,79.7,91.24,-11.54,87.99,6.81,91.84,4.78,24.33,80.36,4.99,144.9,-91.3,-15.4,8.1,99.5,60,120,52,39,5.49,1326,7,5,9,0,cell_degradation,INC-20260915-JHB-CBD-003-B,100,critical,cell_degradation,True
2026-09-15T11:15,Telkom,Gauteng,Johannesburg,JHB-CBD-003,JHB-CBD-003-B,RAN,80.41,90.06,-9.65,88.05,6.76,91.54,1.2,21.94,94.53,3.16,144.5,-88.9,-16.0,7.6,99.5,51,100,46,32,5.21,1073,7,5,6,0,cell_degradation,INC-20260915-JHB-CBD-003-B,100,critical,cell_degradation,True
2026-09-15T11:30,Telkom,Gauteng,Johannesburg,JHB-CBD-003,JHB-CBD-003-B,RAN,79.51,88.89,-9.38,88.58,7.15,91.82,3.46,19.76,82.49,3.72,140.5,-90.1,-15.2,7.0,99.5,63,155,67,54,5.13,1239,7,5,5,0,cell_degradation,INC-20260915-JHB-CBD-003-B,100,critical,cell_degradation,True
2026-09-15T11:45,Telkom,Gauteng,Johannesburg,JHB-CBD-003,JHB-CBD-003-B,RAN,80.67,87.69,-7.02,88.31,6.89,91.8,4.62,17.69,73.89,3.25,139.2,-93.6,-14.9,8.8,94.87,49,108,52,37,4.93,1172,7,5,3,0,cell_degradation,INC-20260915-JHB-CBD-003-B,100,critical,cell_degradation,True
2026-09-15T12:00,Telkom,Gauteng,Johannesburg,JHB-CBD-003,JHB-CBD-003-B,RAN,80.09,86.53,-6.44,88.27,6.91,90.87,11.51,15.44,25.47,4.35,142.1,-91.7,-14.6,8.4,97.82,50,78,37,27,4.75,1160,7,5,4,0,cell_degradation,INC-20260915-JHB-CBD-003-B,90.63,critical,cell_degradation,True
2026-09-15T12:15,Telkom,Gauteng,Johannesburg,JHB-CBD-003,JHB-CBD-003-B,RAN,82.94,85.31,-2.37,89.47,6.63,92.39,13.79,13.73,-0.43,5.17,129.8,-92.2,-14.4,8.8,82.81,55,90,44,36,4.85,1200,7,5,7,0,cell_degradation,INC-20260915-JHB-CBD-003-B,75.37,critical,cell_degradation,True
2026-09-15T12:30,Telkom,Gauteng,Johannesburg,JHB-CBD-003,JHB-CBD-003-B,RAN,83.68,84.32,-0.64,89.6,5.96,92.43,16.27,12.57,-29.43,4.86,115.5,-89.3,-14.1,8.9,91.14,49,63,31,23,4.3,1026,6,5,7,0,cell_degradation,INC-20260915-JHB-CBD-003-B,66.82,major,cell_degradation,True
2026-09-15T12:45,Telkom,Gauteng,Johannesburg,JHB-CBD-003,JHB-CBD-003-B,RAN,85.38,83.33,2.05,90.55,5.25,93.06,13.14,10.98,-19.62,4.53,127.8,-87.9,-12.9,12.0,87.14,42,60,35,20,4.57,896,6,5,7,0,cell_degradation,INC-20260915-JHB-CBD-003-B,64.83,major,cell_degradation,True
2026-09-15T13:00,Telkom,Gauteng,Johannesburg,JHB-CBD-003,JHB-CBD-003-B,RAN,85.85,82.96,2.89,91.34,5.21,93.58,12.21,10.67,-14.41,4.0,127.4,-92.3,-14.1,7.4,90.22,47,68,33,25,4.2,826,6,5,6,0,cell_degradation,INC-20260915-JHB-CBD-003-B,61.21,major,cell_degradation,True
2026-09-15T13:15,Telkom,Gauteng,Johannesburg,JHB-CBD-003,JHB-CBD-003-B,RAN,88.2,82.71,5.49,92.14,4.57,94.44,15.41,9.96,-54.69,5.89,103.0,-84.2,-11.8,9.6,86.17,58,64,36,26,3.89,844,7,5,9,0,cell_degradation,INC-20260915-JHB-CBD-003-B,51.47,major,cell_degradation,True
2026-09-15T13:30,Telkom,Gauteng,Johannesburg,JHB-CBD-003,JHB-CBD-003-B,RAN,89.23,82.77,6.46,93.21,3.42,95.41,22.94,10.26,-123.55,6.83,102.4,-89.6,-13.3,8.9,73.76,54,59,30,17,3.68,609,7,5,11,0,cell_degradation,INC-20260915-JHB-CBD-003-B,46.0,minor,cell_degradation,True
2026-09-15T13:45,Telkom,Gauteng,Johannesburg,JHB-CBD-003,JHB-CBD-003-B,RAN,90.93,82.99,7.94,93.85,3.52,95.01,29.57,10.68,-176.92,7.46,101.0,-88.9,-12.9,14.1,69.6,47,44,25,15,2.66,528,7,5,13,0,cell_degradation,INC-20260915-JHB-CBD-003-B,38.54,minor,cell_degradation,True
