feature,importance
drop_call_rate_pct,0.12636219516508373
latency_ms,0.12016022586792616
retainability_pct,0.11047632779591275
data_session_drops,0.10999999999999757
handover_success_pct,0.08512880505586928
erab_setup_failures,0.07999999999999809
packet_loss_pct,0.07570558173076372
rrc_connection_failures,0.07538400384217281
accessibility_pct,0.07025889578906495
transport_discard_packets,0.059999999999999505
prb_utilization_pct,0.049473426705555365
active_major_critical_alarms,0.0190505734342587
dl_throughput_mbps,0.005000000000001228
rsrq_db,0.004859840992804648
baseline_accessibility_pct,0.004523672204086433
active_alarm_count,0.0036163911115198646
complaints_last_60min,6.030497162850383e-08
connected_users,2.4298605846954542e-15
config_changes_last_90min,2.199287073022871e-15
accessibility_delta_pct,2.021691584509933e-15
ul_throughput_mbps,2.0020562619821632e-15
sinr_db,1.7023430976672703e-15
rsrp_dbm,1.488018968764424e-15
throughput_drop_pct,1.0184468316467388e-15
baseline_dl_throughput_mbps,7.597956306284276e-16
