ticket_id,opened_timestamp,resolved_timestamp,operator,site_id,cell_id,city_area,ticket_classification,priority,customer_impact,sla_resolution_minutes,sentiment_score,incident_id
TEL-CUST-00068,2026-09-14T00:52,2026-09-14T14:29,Telkom,JHB-SOW-018,JHB-SOW-018-B,Soweto,no internet,medium,voice,817,-0.21,
TEL-CUST-00065,2026-09-14T02:42,2026-09-14T04:35,Telkom,PTA-HAT-011,PTA-HAT-011-A,Pretoria,voice quality,low,voice_and_data,113,-0.0,
TEL-CUST-00053,2026-09-14T06:09,2026-09-14T13:57,Telkom,JHB-CBD-003,JHB-CBD-003-B,Johannesburg,voice quality,low,voice_and_data,468,-0.09,
TEL-CUST-00047,2026-09-14T12:09,2026-09-15T01:34,Telkom,CPT-BEL-007,CPT-BEL-007-B,Cape Town,dropped calls,medium,voice_and_data,805,-0.2,
TEL-CUST-00050,2026-09-14T12:19,2026-09-14T17:42,Telkom,PTA-HAT-011,PTA-HAT-011-B,Pretoria,slow data,medium,voice_and_data,323,-0.42,
TEL-CUST-00064,2026-09-14T14:23,2026-09-14T19:16,Telkom,CPT-BEL-007,CPT-BEL-007-C,Cape Town,intermittent service,medium,voice,293,-0.2,
TEL-CUST-00060,2026-09-14T18:09,2026-09-14T22:53,Telkom,JHB-CBD-003,JHB-CBD-003-C,Johannesburg,intermittent service,medium,voice,284,0.16,
TEL-CUST-00067,2026-09-14T18:12,2026-09-15T07:19,Telkom,JHB-SOW-018,JHB-SOW-018-A,Soweto,dropped calls,low,voice,787,-0.03,
TEL-CUST-00054,2026-09-14T18:45,2026-09-14T23:13,Telkom,JHB-SOW-018,JHB-SOW-018-C,Soweto,voice quality,medium,voice_and_data,268,-0.38,
TEL-CUST-00048,2026-09-14T18:51,2026-09-15T00:25,Telkom,PTA-HAT-011,PTA-HAT-011-A,Pretoria,voice quality,medium,voice,334,-0.35,
TEL-CUST-00057,2026-09-15T00:06,2026-09-15T13:47,Telkom,JHB-CBD-003,JHB-CBD-003-A,Johannesburg,slow data,low,data,821,-0.29,
TEL-CUST-00063,2026-09-15T01:15,2026-09-15T12:26,Telkom,JHB-CBD-003,JHB-CBD-003-B,Johannesburg,slow data,medium,voice_and_data,671,-0.05,
TEL-CUST-00061,2026-09-15T05:26,2026-09-15T13:18,Telkom,JHB-CBD-003,JHB-CBD-003-C,Johannesburg,no internet,low,voice,472,-0.54,
TEL-CUST-00006,2026-09-15T09:15,2026-09-15T16:18,Telkom,JHB-CBD-003,JHB-CBD-003-B,Braamfontein,voice quality,high,data,423,-0.29,INC-20260915-JHB-CBD-003-B
TEL-CUST-00016,2026-09-15T09:17,2026-09-15T13:11,Telkom,JHB-CBD-003,JHB-CBD-003-B,Johannesburg CBD,slow data,high,voice,234,-0.68,INC-20260915-JHB-CBD-003-B
TEL-CUST-00020,2026-09-15T09:19,2026-09-15T14:34,Telkom,JHB-CBD-003,JHB-CBD-003-B,Marshalltown,dropped calls,high,voice,315,-0.73,INC-20260915-JHB-CBD-003-B
TEL-CUST-00044,2026-09-15T09:20,2026-09-15T16:24,Telkom,JHB-CBD-003,JHB-CBD-003-B,Johannesburg CBD,intermittent service,high,data,424,-0.51,INC-20260915-JHB-CBD-003-B
TEL-CUST-00014,2026-09-15T09:27,2026-09-15T16:28,Telkom,JHB-CBD-003,JHB-CBD-003-B,Braamfontein,intermittent service,high,voice,421,-0.47,INC-20260915-JHB-CBD-003-B
TEL-CUST-00037,2026-09-15T09:31,2026-09-15T13:46,Telkom,JHB-CBD-003,JHB-CBD-003-C,Johannesburg CBD,voice quality,medium,voice_and_data,255,-0.86,INC-20260915-JHB-CBD-003-B
TEL-CUST-00028,2026-09-15T09:32,2026-09-15T14:47,Telkom,JHB-CBD-003,JHB-CBD-003-A,Braamfontein,intermittent service,medium,voice_and_data,315,-0.73,INC-20260915-JHB-CBD-003-B
TEL-CUST-00009,2026-09-15T09:45,2026-09-15T16:57,Telkom,JHB-CBD-003,JHB-CBD-003-B,Johannesburg CBD,no internet,high,data,432,-0.83,INC-20260915-JHB-CBD-003-B
TEL-CUST-00034,2026-09-15T09:51,2026-09-15T15:39,Telkom,JHB-CBD-003,JHB-CBD-003-B,Marshalltown,dropped calls,high,voice_and_data,348,-0.73,INC-20260915-JHB-CBD-003-B
TEL-CUST-00045,2026-09-15T09:51,2026-09-15T13:29,Telkom,JHB-CBD-003,JHB-CBD-003-B,Johannesburg CBD,dropped calls,high,data,218,-0.64,INC-20260915-JHB-CBD-003-B
TEL-CUST-00038,2026-09-15T09:57,2026-09-15T17:21,Telkom,JHB-CBD-003,JHB-CBD-003-B,Marshalltown,slow data,high,data,444,-0.52,INC-20260915-JHB-CBD-003-B
TEL-CUST-00022,2026-09-15T10:07,2026-09-15T14:50,Telkom,JHB-CBD-003,JHB-CBD-003-B,Marshalltown,intermittent service,medium,voice,283,-0.46,INC-20260915-JHB-CBD-003-B
TEL-CUST-00041,2026-09-15T10:07,2026-09-15T17:01,Telkom,JHB-CBD-003,JHB-CBD-003-B,Marshalltown,intermittent service,medium,voice,414,-0.29,INC-20260915-JHB-CBD-003-B
TEL-CUST-00026,2026-09-15T10:09,2026-09-15T16:33,Telkom,JHB-CBD-003,JHB-CBD-003-B,Braamfontein,intermittent service,high,voice,384,-0.81,INC-20260915-JHB-CBD-003-B
TEL-CUST-00040,2026-09-15T10:22,2026-09-15T16:48,Telkom,JHB-CBD-003,JHB-CBD-003-B,Braamfontein,no internet,high,voice_and_data,386,-0.74,INC-20260915-JHB-CBD-003-B
TEL-CUST-00011,2026-09-15T10:32,2026-09-15T14:15,Telkom,JHB-CBD-003,JHB-CBD-003-B,Braamfontein,intermittent service,high,voice,223,-0.78,INC-20260915-JHB-CBD-003-B
TEL-CUST-00012,2026-09-15T10:35,2026-09-15T17:41,Telkom,JHB-CBD-003,JHB-CBD-003-B,Marshalltown,dropped calls,high,voice_and_data,426,-0.56,INC-20260915-JHB-CBD-003-B
TEL-CUST-00019,2026-09-15T10:38,2026-09-15T13:39,Telkom,JHB-CBD-003,JHB-CBD-003-B,Johannesburg CBD,voice quality,medium,data,181,-0.69,INC-20260915-JHB-CBD-003-B
TEL-CUST-00005,2026-09-15T10:49,2026-09-15T15:52,Telkom,JHB-CBD-003,JHB-CBD-003-B,Braamfontein,no internet,medium,data,303,-0.43,INC-20260915-JHB-CBD-003-B
TEL-CUST-00023,2026-09-15T10:52,2026-09-15T16:18,Telkom,JHB-CBD-003,JHB-CBD-003-C,Johannesburg CBD,voice quality,medium,voice_and_data,326,-0.42,INC-20260915-JHB-CBD-003-B
TEL-CUST-00021,2026-09-15T10:54,2026-09-15T16:37,Telkom,JHB-CBD-003,JHB-CBD-003-B,Newtown,no internet,medium,data,343,-0.82,INC-20260915-JHB-CBD-003-B
TEL-CUST-00031,2026-09-15T10:57,2026-09-15T14:48,Telkom,JHB-CBD-003,JHB-CBD-003-A,Braamfontein,slow data,medium,voice,231,-0.64,INC-20260915-JHB-CBD-003-B
TEL-CUST-00033,2026-09-15T11:25,2026-09-15T16:29,Telkom,JHB-CBD-003,JHB-CBD-003-A,Marshalltown,dropped calls,high,voice_and_data,304,-0.89,INC-20260915-JHB-CBD-003-B
TEL-CUST-00010,2026-09-15T11:31,2026-09-15T14:41,Telkom,JHB-CBD-003,JHB-CBD-003-B,Johannesburg CBD,no internet,medium,voice,190,-0.29,INC-20260915-JHB-CBD-003-B
TEL-CUST-00049,2026-09-15T11:36,2026-09-16T00:01,Telkom,JHB-CBD-003,JHB-CBD-003-A,Johannesburg,voice quality,low,voice,745,0.01,
TEL-CUST-00056,2026-09-15T11:38,2026-09-15T20:41,Telkom,PTA-HAT-011,PTA-HAT-011-C,Pretoria,voice quality,medium,data,543,-0.41,
TEL-CUST-00017,2026-09-15T11:53,2026-09-15T15:19,Telkom,JHB-CBD-003,JHB-CBD-003-B,Marshalltown,slow data,medium,voice,206,-0.51,INC-20260915-JHB-CBD-003-B
TEL-CUST-00024,2026-09-15T11:53,2026-09-15T16:44,Telkom,JHB-CBD-003,JHB-CBD-003-A,Braamfontein,no internet,high,voice,291,-0.82,INC-20260915-JHB-CBD-003-B
TEL-CUST-00007,2026-09-15T11:57,2026-09-15T17:54,Telkom,JHB-CBD-003,JHB-CBD-003-B,Marshalltown,intermittent service,medium,voice,357,-0.32,INC-20260915-JHB-CBD-003-B
TEL-CUST-00025,2026-09-15T11:57,2026-09-15T17:49,Telkom,JHB-CBD-003,JHB-CBD-003-B,Johannesburg CBD,voice quality,high,voice_and_data,352,-0.76,INC-20260915-JHB-CBD-003-B
TEL-CUST-00030,2026-09-15T12:02,2026-09-15T18:00,Telkom,JHB-CBD-003,JHB-CBD-003-B,Braamfontein,voice quality,medium,voice_and_data,358,-0.43,INC-20260915-JHB-CBD-003-B
TEL-CUST-00018,2026-09-15T12:10,2026-09-15T15:52,Telkom,JHB-CBD-003,JHB-CBD-003-B,Newtown,dropped calls,medium,voice_and_data,222,-0.6,INC-20260915-JHB-CBD-003-B
TEL-CUST-00032,2026-09-15T12:15,2026-09-15T18:40,Telkom,JHB-CBD-003,JHB-CBD-003-B,Johannesburg CBD,voice quality,medium,voice,385,-0.46,INC-20260915-JHB-CBD-003-B
TEL-CUST-00066,2026-09-15T12:26,2026-09-15T15:39,Telkom,PTA-HAT-011,PTA-HAT-011-B,Pretoria,voice quality,medium,voice,193,-0.36,
TEL-CUST-00008,2026-09-15T12:34,2026-09-15T18:17,Telkom,JHB-CBD-003,JHB-CBD-003-B,Johannesburg CBD,voice quality,high,data,343,-0.82,INC-20260915-JHB-CBD-003-B
TEL-CUST-00004,2026-09-15T12:47,2026-09-15T19:26,Telkom,JHB-CBD-003,JHB-CBD-003-B,Marshalltown,voice quality,medium,data,399,-0.35,INC-20260915-JHB-CBD-003-B
TEL-CUST-00035,2026-09-15T12:54,2026-09-15T18:12,Telkom,JHB-CBD-003,JHB-CBD-003-B,Johannesburg CBD,intermittent service,medium,voice,318,-0.45,INC-20260915-JHB-CBD-003-B
TEL-CUST-00058,2026-09-15T12:55,2026-09-15T20:44,Telkom,CPT-BEL-007,CPT-BEL-007-A,Cape Town,dropped calls,low,voice_and_data,469,-0.2,
TEL-CUST-00036,2026-09-15T13:10,2026-09-15T20:28,Telkom,JHB-CBD-003,JHB-CBD-003-B,Marshalltown,voice quality,medium,data,438,-0.65,INC-20260915-JHB-CBD-003-B
TEL-CUST-00039,2026-09-15T13:11,2026-09-15T16:31,Telkom,JHB-CBD-003,JHB-CBD-003-B,Newtown,voice quality,medium,voice_and_data,200,-0.4,INC-20260915-JHB-CBD-003-B
TEL-CUST-00043,2026-09-15T13:11,2026-09-15T17:19,Telkom,JHB-CBD-003,JHB-CBD-003-B,Braamfontein,intermittent service,medium,voice,248,-0.59,INC-20260915-JHB-CBD-003-B
TEL-CUST-00013,2026-09-15T13:12,2026-09-15T17:27,Telkom,JHB-CBD-003,JHB-CBD-003-B,Braamfontein,slow data,high,data,255,-0.55,INC-20260915-JHB-CBD-003-B
TEL-CUST-00042,2026-09-15T13:14,2026-09-15T16:51,Telkom,JHB-CBD-003,JHB-CBD-003-B,Marshalltown,dropped calls,high,data,217,-0.57,INC-20260915-JHB-CBD-003-B
TEL-CUST-00027,2026-09-15T13:18,2026-09-15T18:51,Telkom,JHB-CBD-003,JHB-CBD-003-B,Johannesburg CBD,no internet,medium,voice,333,-0.7,INC-20260915-JHB-CBD-003-B
TEL-CUST-00001,2026-09-15T13:21,2026-09-15T19:09,Telkom,JHB-CBD-003,JHB-CBD-003-B,Marshalltown,slow data,medium,voice,348,-0.48,INC-20260915-JHB-CBD-003-B
TEL-CUST-00003,2026-09-15T13:21,2026-09-15T17:35,Telkom,JHB-CBD-003,JHB-CBD-003-A,Johannesburg CBD,no internet,medium,voice,254,-0.51,INC-20260915-JHB-CBD-003-B
TEL-CUST-00015,2026-09-15T13:30,2026-09-15T20:43,Telkom,JHB-CBD-003,JHB-CBD-003-B,Johannesburg CBD,no internet,medium,data,433,-0.54,INC-20260915-JHB-CBD-003-B
TEL-CUST-00002,2026-09-15T13:34,2026-09-15T19:55,Telkom,JHB-CBD-003,JHB-CBD-003-B,Marshalltown,slow data,high,voice_and_data,381,-0.56,INC-20260915-JHB-CBD-003-B
TEL-CUST-00029,2026-09-15T13:35,2026-09-15T18:31,Telkom,JHB-CBD-003,JHB-CBD-003-B,Braamfontein,slow data,high,voice,296,-0.88,INC-20260915-JHB-CBD-003-B
TEL-CUST-00046,2026-09-15T13:38,2026-09-15T19:10,Telkom,JHB-CBD-003,JHB-CBD-003-B,Johannesburg CBD,no internet,high,data,332,-0.79,INC-20260915-JHB-CBD-003-B
TEL-CUST-00062,2026-09-15T16:27,2026-09-15T19:14,Telkom,JHB-CBD-003,JHB-CBD-003-A,Johannesburg,voice quality,low,data,167,0.18,
TEL-CUST-00051,2026-09-15T19:15,2026-09-16T08:53,Telkom,JHB-CBD-003,JHB-CBD-003-C,Johannesburg,slow data,medium,data,818,-0.21,
TEL-CUST-00059,2026-09-15T20:10,2026-09-15T22:51,Telkom,JHB-CBD-003,JHB-CBD-003-B,Johannesburg,slow data,low,voice,161,0.18,
TEL-CUST-00055,2026-09-15T22:55,2026-09-16T01:00,Telkom,JHB-SOW-018,JHB-SOW-018-B,Soweto,no internet,low,data,125,0.07,
TEL-CUST-00052,2026-09-15T23:12,2026-09-16T11:08,Telkom,CPT-BEL-007,CPT-BEL-007-C,Cape Town,slow data,low,voice,716,-0.39,
